{
    "version": "4.0.2",
    "summary": "Fast HTML, rendered with virtual DOM diffing",
    "repository": "https://github.com/evancz/elm-html.git",
    "license": "BSD3",
    "source-directories": [
        "src"
    ],
    "exposed-modules": [
        "Html",
        "Html.Attributes",
        "Html.Events",
        "Html.Lazy"
    ],
    "dependencies": {
        "elm-lang/core": "2.0.0 <= v < 4.0.0",
        "evancz/virtual-dom": "2.0.0 <= v < 3.0.0"
    },
    "elm-version": "0.15.0 <= v < 0.17.0"
}